Heading,,40,32,34,42,33,40,32,35,42,40,40,35,42,40,36,41,42,36,42,44,35,37,42,39,37,39,40,35,39,37
ASE1A,1,AA,BB,AA,BB,AA,AA,AA,AA,BB,BB,BB,AA,BB,BB,AA,BB,BB,AA,BB,BB,BB,AA,BB,BB,BB,BB,BB,AA,BB,BB
ABG058,1,AA,BB,AA,BB,AA,AA,AA,AA,BB,BB,BB,AA,BB,BB,AA,BB,BB,AA,BB,BB,BB,AA,BB,BB,BB,BB,BB,AA,BB,BB
MWG878,1,BB,AA,AA,BB,AA,AA,AA,AA,BB,BB,BB,AA,BB,BB,AA,BB,BB,AA,BB,BB,AA,AA,BB,BB,BB,BB,BB,AA,BB,AA
RbcS,1,BB,AA,AA,BB,AA,BB,AA,AA,BB,BB,NA,AA,BB,BB,AA,BB,BB,AA,BB,BB,AA,AA,BB,BB,BB,BB,BB,AA,BB,AA
BCD351F,1,BB,AA,AA,BB,AA,BB,AA,AA,BB,BB,BB,AA,BB,BB,AA,BB,BB,AA,BB,BB,AA,AA,BB,BB,BB,BB,BB,AA,BB,AA
ABC156A,1,BB,AA,AA,BB,AA,BB,AA,AA,BB,BB,AA,AA,BB,BB,AA,BB,BB,AA,BB,BB,AA,AA,BB,BB,BB,BB,BB,AA,BB,AA
MWG858,1,BB,AA,AA,BB,AA,BB,BB,AA,BB,BB,AA,BB,AA,BB,AA,BB,BB,AA,BB,BB,AA,AA,BB,BB,BB,BB,BB,AA,AA,AA
ABG358,1,BB,AA,AA,BB,AA,BB,BB,AA,BB,BB,AA,BB,AA,BB,AA,BB,BB,AA,BB,AA,AA,AA,BB,BB,BB,BB,BB,AA,AA,AA
ABG459,1,BB,AA,AA,BB,AA,BB,BB,AA,BB,BB,AA,BB,AA,BB,AA,BB,BB,AA,BB,AA,AA,AA,AA,BB,BB,BB,BB,AA,AA,AA
Pox,1,BB,AA,AA,BB,AA,BB,BB,AA,AA,BB,AA,BB,AA,BB,AA,BB,BB,AA,BB,AA,AA,AA,AA,BB,BB,BB,BB,AA,AA,AA
Adh8,1,BB,AA,AA,BB,AA,BB,BB,AA,AA,BB,AA,BB,AA,BB,AA,BB,AA,AA,BB,AA,AA,AA,AA,BB,BB,BB,BB,AA,AA,AA
MWG557,1,BB,AA,AA,BB,AA,BB,AA,AA,AA,BB,AA,BB,AA,BB,AA,BB,AA,AA,AA,AA,BB,AA,AA,BB,AA,BB,BB,AA,AA,AA
ABG316C,1,BB,AA,AA,BB,AA,NA,AA,AA,AA,BB,AA,BB,AA,BB,AA,BB,AA,BB,AA,AA,BB,AA,AA,AA,AA,BB,BB,AA,AA,AA
ABC167B,1,BB,AA,AA,BB,AA,BB,AA,AA,AA,BB,AA,BB,AA,BB,AA,BB,AA,BB,AA,AA,BB,AA,AA,AA,AA,BB,BB,AA,AA,BB
bBE54D,1,BB,AA,AA,BB,AA,BB,AA,AA,BB,BB,AA,BB,AA,BB,AA,BB,AA,BB,AA,AA,AA,AA,AA,AA,AA,BB,BB,AA,AA,BB
CDO588,1,AA,AA,AA,BB,AA,BB,AA,AA,BB,BB,AA,BB,AA,BB,AA,BB,AA,BB,AA,AA,AA,AA,AA,AA,AA,BB,BB,AA,AA,BB
MWG503,1,AA,AA,AA,BB,AA,BB,BB,AA,AA,BB,AA,BB,AA,AA,BB,BB,AA,BB,AA,AA,AA,AA,AA,BB,BB,BB,BB,AA,AA,BB
Crg3A,1,AA,AA,AA,AA,AA,BB,BB,AA,AA,BB,AA,AA,AA,AA,BB,BB,AA,BB,AA,AA,BB,AA,AA,BB,BB,BB,BB,AA,BB,BB
ABC252,1,AA,AA,AA,BB,AA,BB,BB,BB,AA,AA,BB,AA,AA,AA,BB,BB,AA,BB,BB,AA,BB,AA,AA,BB,BB,BB,AA,AA,AA,BB
ABC157,1,AA,AA,AA,BB,AA,BB,AA,BB,AA,AA,BB,BB,AA,BB,BB,BB,AA,BB,BB,AA,BB,AA,AA,BB,BB,BB,AA,AA,AA,BB
ABG316E,1,AA,AA,AA,BB,AA,BB,AA,BB,AA,AA,BB,BB,AA,BB,BB,BB,AA,BB,BB,AA,BB,BB,AA,AA,BB,BB,AA,AA,AA,AA
ABC153,1,AA,AA,AA,BB,AA,BB,AA,BB,AA,AA,BB,BB,AA,BB,BB,BB,AA,BB,BB,AA,BB,BB,AA,AA,BB,BB,AA,AA,AA,AA
Pcr1,1,AA,AA,AA,BB,AA,BB,AA,BB,AA,AA,BB,BB,AA,BB,BB,BB,AA,BB,BB,AA,BB,BB,AA,AA,BB,BB,AA,AA,AA,AA
cMWG720,1,AA,AA,AA,BB,AA,AA,AA,BB,AA,AA,BB,BB,AA,BB,BB,BB,AA,BB,BB,AA,BB,BB,AA,AA,BB,AA,AA,AA,AA,AA
bBE54C,1,AA,AA,AA,BB,AA,AA,AA,BB,AA,AA,BB,BB,AA,BB,AA,BB,AA,BB,BB,AA,BB,BB,AA,AA,BB,AA,AA,AA,AA,AA

